[
 {
  "sensor_id": 55,
  "sensor_description": "Elizabeth St-La Trobe St (East)",
  "sensor_name": "Eli380_T",
  "installation_date": "2018\/07\/19",
  "status": "A",
  "note": null,
  "direction_1": "North",
  "direction_2": "South",
  "latitude": -37.80988941,
  "longitude": 144.96134331,
  "location": "(-37.80988941, 144.96134331)"
 },
 {
  "sensor_id": 45,
  "sensor_description": "Little Collins St-Swanston St (East)",
  "sensor_name": "Swa148_T",
  "installation_date": "2017\/06\/29",
  "status": "A",
  "note": null,
  "direction_1": "North",
  "direction_2": "South",
  "latitude": -37.81414074,
  "longitude": 144.9660938,
  "location": "(-37.81414074, 144.9660938)"
 },
 {
  "sensor_id": 61,
  "sensor_description": "RMIT Building 14",
  "sensor_name": "RMIT14_T",
  "installation_date": "2019\/06\/28",
  "status": "A",
  "note": null,
  "direction_1": "North",
  "direction_2": "South",
  "latitude": -37.80767455,
  "longitude": 144.96309115,
  "location": "(-37.80767455, 144.96309115)"
 },
 {
  "sensor_id": 7,
  "sensor_description": "Birrarung Marr",
  "sensor_name": "Fed_T",
  "installation_date": "2014\/12\/17",
  "status": "A",
  "note": null,
  "direction_1": "East",
  "direction_2": "West",
  "latitude": -37.81862929,
  "longitude": 144.97169395,
  "location": "(-37.81862929, 144.97169395)"
 },
 {
  "sensor_id": 72,
  "sensor_description": "Flinders St- ACMI",
  "sensor_name": "ACMI_T",
  "installation_date": "2020\/11\/30",
  "status": "A",
  "note": null,
  "direction_1": "East",
  "direction_2": "West",
  "latitude": -37.81726337,
  "longitude": 144.96872809,
  "location": "(-37.81726337, 144.96872809)"
 },
 {
  "sensor_id": 62,
  "sensor_description": "La Trobe St (North)",
  "sensor_name": "Lat224_T",
  "installation_date": "2019\/09\/25",
  "status": "A",
  "note": null,
  "direction_1": "East",
  "direction_2": "West",
  "latitude": -37.80996494,
  "longitude": 144.96216521,
  "location": "(-37.80996494, 144.96216521)"
 },
 {
  "sensor_id": 63,
  "sensor_description": "231 Bourke St",
  "sensor_name": "Bou231_T",
  "installation_date": "2020\/01\/07",
  "status": "A",
  "note": null,
  "direction_1": "East",
  "direction_2": "West",
  "latitude": -37.81333081,
  "longitude": 144.96675572,
  "location": "(-37.81333081, 144.96675572)"
 },
 {
  "sensor_id": 14,
  "sensor_description": "Sandridge Bridge",
  "sensor_name": "SanBri_T",
  "installation_date": "2019\/09\/25",
  "status": "A",
  "note": null,
  "direction_1": "North",
  "direction_2": "South",
  "latitude": -37.82011242,
  "longitude": 144.96291898,
  "location": "(-37.82011242, 144.96291898)"
 },
 {
  "sensor_id": 41,
  "sensor_description": "Flinders La-Swanston St (West)",
  "sensor_name": "Swa31",
  "installation_date": "2017\/06\/29",
  "status": "A",
  "note": null,
  "direction_1": "North",
  "direction_2": "South",
  "latitude": -37.81668633,
  "longitude": 144.96689733,
  "location": "(-37.81668633, 144.96689733)"
 },
 {
  "sensor_id": 25,
  "sensor_description": "Melbourne Convention Exhibition Centre",
  "sensor_name": "MCEC_T",
  "installation_date": "2019\/10\/02",
  "status": "A",
  "note": "Sensor relocated from 14 to 25 on 2\/10\/2019",
  "direction_1": "East",
  "direction_2": "West",
  "latitude": -37.82401776,
  "longitude": 144.95604426,
  "location": "(-37.82401776, 144.95604426)"
 },
 {
  "sensor_id": 60,
  "sensor_description": "Flinders La - Swanston St (West) Temporary",
  "sensor_name": "Swa31T_T",
  "installation_date": "2019\/03\/08",
  "status": "R",
  "note": "Temporary for the duration of the metro tunnel works. Installed under the scaffolding.",
  "direction_1": "North",
  "direction_2": "South",
  "latitude": -37.81668188,
  "longitude": 144.9668954,
  "location": "(-37.81668188, 144.9668954)"
 },
 {
  "sensor_id": 64,
  "sensor_description": "Royal Pde - Grattan St",
  "sensor_name": "Grat292_T",
  "installation_date": "2020\/01\/16",
  "status": "A",
  "note": null,
  "direction_1": "North",
  "direction_2": "South",
  "latitude": -37.79949544,
  "longitude": 144.95792282,
  "location": "(-37.79949544, 144.95792282)"
 },
 {
  "sensor_id": 39,
  "sensor_description": "Alfred Place",
  "sensor_name": "AlfPl_T",
  "installation_date": "2019\/12\/04",
  "status": "A",
  "note": "In 4\/12\/2019 sensor upgraded",
  "direction_1": "South",
  "direction_2": "North",
  "latitude": -37.81379749,
  "longitude": 144.96995745,
  "location": "(-37.81379749, 144.96995745)"
 },
 {
  "sensor_id": 17,
  "sensor_description": "Collins Place (South)",
  "sensor_name": "Col15_T",
  "installation_date": "2009\/03\/30",
  "status": "A",
  "note": "Device is upgraded in 26\/02\/2020",
  "direction_1": "East",
  "direction_2": "West",
  "latitude": -37.81362542,
  "longitude": 144.97323592,
  "location": "(-37.81362542, 144.97323592)"
 },
 {
  "sensor_id": 65,
  "sensor_description": "Swanston St - City Square",
  "sensor_name": "SwaCs_T",
  "installation_date": "2020\/03\/12",
  "status": "A",
  "note": null,
  "direction_1": "North",
  "direction_2": "South",
  "latitude": -37.81569416,
  "longitude": 144.96680641,
  "location": "(-37.81569416, 144.96680641)"
 },
 {
  "sensor_id": 66,
  "sensor_description": "State Library - New",
  "sensor_name": "QVN_T",
  "installation_date": "2020\/04\/06",
  "status": "A",
  "note": null,
  "direction_1": "South",
  "direction_2": "North",
  "latitude": -37.81057845,
  "longitude": 144.96444294,
  "location": "(-37.81057845, 144.96444294)"
 },
 {
  "sensor_id": 15,
  "sensor_description": "State Library",
  "sensor_name": "QV_T",
  "installation_date": "2009\/03\/25",
  "status": "R",
  "note": null,
  "direction_1": "South",
  "direction_2": "North",
  "latitude": -37.81064378,
  "longitude": 144.96447132,
  "location": "(-37.81064378, 144.96447132)"
 },
 {
  "sensor_id": 67,
  "sensor_description": "Flinders Ln -Degraves St (South)",
  "sensor_name": "FLDegS_T",
  "installation_date": "2020\/06\/03",
  "status": "A",
  "note": null,
  "direction_1": "East",
  "direction_2": "West",
  "latitude": -37.81688755,
  "longitude": 144.9656257,
  "location": "(-37.81688755, 144.9656257)"
 },
 {
  "sensor_id": 47,
  "sensor_description": "Melbourne Central-Elizabeth St (East)",
  "sensor_name": "Eli250_T",
  "installation_date": "2017\/08\/24",
  "status": "A",
  "note": null,
  "direction_1": "South",
  "direction_2": "North",
  "latitude": -37.81160331,
  "longitude": 144.96220077,
  "location": "(-37.81160331, 144.96220077)"
 },
 {
  "sensor_id": 68,
  "sensor_description": "Flinders Ln -Degraves St (North)",
  "sensor_name": "FLDegN_T",
  "installation_date": "2020\/06\/03",
  "status": "A",
  "note": null,
  "direction_1": "East",
  "direction_2": "West",
  "latitude": -37.81684789,
  "longitude": 144.96559789,
  "location": "(-37.81684789, 144.96559789)"
 },
 {
  "sensor_id": 69,
  "sensor_description": "Flinders Ln -Degraves St (Crossing)",
  "sensor_name": "FLDegC_T",
  "installation_date": "2020\/06\/03",
  "status": "A",
  "note": null,
  "direction_1": "North",
  "direction_2": "South",
  "latitude": -37.81687225,
  "longitude": 144.96559145,
  "location": "(-37.81687225, 144.96559145)"
 },
 {
  "sensor_id": 3,
  "sensor_description": "Melbourne Central",
  "sensor_name": "Swa295_T",
  "installation_date": "2009\/03\/25",
  "status": "A",
  "note": null,
  "direction_1": "North",
  "direction_2": "South",
  "latitude": -37.81101523,
  "longitude": 144.96429485,
  "location": "(-37.81101523, 144.96429485)"
 },
 {
  "sensor_id": 29,
  "sensor_description": "St Kilda Rd-Alexandra Gardens",
  "sensor_name": "AG_T",
  "installation_date": "2013\/10\/11",
  "status": "A",
  "note": "sensor upgraded from laser to 3D on 19\/12\/2019",
  "direction_1": "North",
  "direction_2": "South",
  "latitude": -37.81965808,
  "longitude": 144.96863453,
  "location": "(-37.81965808, 144.96863453)"
 },
 {
  "sensor_id": 70,
  "sensor_description": "Errol Street (East)",
  "sensor_name": "Errol20_T",
  "installation_date": "2020\/10\/12",
  "status": "A",
  "note": null,
  "direction_1": "North",
  "direction_2": "South",
  "latitude": -37.80456984,
  "longitude": 144.94946229,
  "location": "(-37.80456984, 144.94946229)"
 },
 {
  "sensor_id": 71,
  "sensor_description": "Westwood Place",
  "sensor_name": "WestWP_T",
  "installation_date": "2020\/10\/16",
  "status": "A",
  "note": null,
  "direction_1": "North",
  "direction_2": "South",
  "latitude": -37.81235775,
  "longitude": 144.97136962,
  "location": "(-37.81235775, 144.97136962)"
 },
 {
  "sensor_id": 33,
  "sensor_description": "Flinders St-Spring St (West)",
  "sensor_name": "Spr13_T",
  "installation_date": "2014\/04\/23",
  "status": "R",
  "note": null,
  "direction_1": "North",
  "direction_2": "South",
  "latitude": -37.81483252,
  "longitude": 144.97454056,
  "location": "(-37.81483252, 144.97454056)"
 },
 {
  "sensor_id": 13,
  "sensor_description": "Flagstaff Station",
  "sensor_name": "Wil277_T",
  "installation_date": "2009\/03\/24",
  "status": "R",
  "note": null,
  "direction_1": null,
  "direction_2": null,
  "latitude": -37.81239679,
  "longitude": 144.95652653,
  "location": "(-37.81239679, 144.95652653)"
 },
 {
  "sensor_id": 12,
  "sensor_description": "New Quay",
  "sensor_name": "NewQ_T",
  "installation_date": "2009\/01\/21",
  "status": "A",
  "note": null,
  "direction_1": "West",
  "direction_2": "East",
  "latitude": -37.81457987,
  "longitude": 144.94292398,
  "location": "(-37.81457987, 144.94292398)"
 },
 {
  "sensor_id": 53,
  "sensor_description": "Collins Street (North)",
  "sensor_name": "Col254_T",
  "installation_date": "2015\/09\/23",
  "status": "A",
  "note": null,
  "direction_1": "West",
  "direction_2": "East",
  "latitude": -37.8156419,
  "longitude": 144.965499,
  "location": "(-37.8156419, 144.965499)"
 },
 {
  "sensor_id": 9,
  "sensor_description": "Southern Cross Station",
  "sensor_name": "Col700_T",
  "installation_date": "2009\/03\/23",
  "status": "A",
  "note": null,
  "direction_1": "East",
  "direction_2": "West",
  "latitude": -37.81982992,
  "longitude": 144.95102556,
  "location": "(-37.81982992, 144.95102556)"
 },
 {
  "sensor_id": 30,
  "sensor_description": "Lonsdale St (South)",
  "sensor_name": "Lon189_T",
  "installation_date": "2013\/10\/14",
  "status": "A",
  "note": null,
  "direction_1": "East",
  "direction_2": "West",
  "latitude": -37.81121849,
  "longitude": 144.96656807,
  "location": "(-37.81121849, 144.96656807)"
 },
 {
  "sensor_id": 38,
  "sensor_description": "Flinders St-Swanston St (West)",
  "sensor_name": "Swa11_T",
  "installation_date": "2014\/12\/05",
  "status": "R",
  "note": "Device has been removed (17\/02\/2017)",
  "direction_1": null,
  "direction_2": null,
  "latitude": -37.81723437,
  "longitude": 144.96715033,
  "location": "(-37.81723437, 144.96715033)"
 },
 {
  "sensor_id": 32,
  "sensor_description": "City Square",
  "sensor_name": "CSq_T",
  "installation_date": "2013\/12\/20",
  "status": "R",
  "note": "Device has been removed (24\/01\/2017)",
  "direction_1": null,
  "direction_2": null,
  "latitude": -37.81573742,
  "longitude": 144.96685718,
  "location": "(-37.81573742, 144.96685718)"
 },
 {
  "sensor_id": 4,
  "sensor_description": "Town Hall (West)",
  "sensor_name": "Swa123_T",
  "installation_date": "2009\/03\/23",
  "status": "A",
  "note": null,
  "direction_1": "South",
  "direction_2": "North",
  "latitude": -37.81487988,
  "longitude": 144.9660878,
  "location": "(-37.81487988, 144.9660878)"
 },
 {
  "sensor_id": 46,
  "sensor_description": "Pelham St (South)",
  "sensor_name": "Pel147_T",
  "installation_date": "2017\/07\/10",
  "status": "A",
  "note": null,
  "direction_1": "West",
  "direction_2": "East",
  "latitude": -37.80240719,
  "longitude": 144.96156731,
  "location": "(-37.80240719, 144.96156731)"
 },
 {
  "sensor_id": 56,
  "sensor_description": "Lonsdale St - Elizabeth St (North)",
  "sensor_name": "Lon364_T",
  "installation_date": "2018\/07\/25",
  "status": "A",
  "note": null,
  "direction_1": "East",
  "direction_2": "West",
  "latitude": -37.81234775,
  "longitude": 144.96153311,
  "location": "(-37.81234775, 144.96153311)"
 },
 {
  "sensor_id": 42,
  "sensor_description": "Grattan St-Swanston St (West)",
  "sensor_name": "UM1_T",
  "installation_date": "2015\/04\/15",
  "status": "A",
  "note": null,
  "direction_1": "South",
  "direction_2": "North",
  "latitude": -37.80008565,
  "longitude": 144.96386412,
  "location": "(-37.80008565, 144.96386412)"
 },
 {
  "sensor_id": 5,
  "sensor_description": "Princes Bridge",
  "sensor_name": "PriNW_T",
  "installation_date": "2009\/03\/26",
  "status": "A",
  "note": null,
  "direction_1": "North",
  "direction_2": "South",
  "latitude": -37.81874249,
  "longitude": 144.96787656,
  "location": "(-37.81874249, 144.96787656)"
 },
 {
  "sensor_id": 50,
  "sensor_description": "Faraday St-Lygon St (West)",
  "sensor_name": "Lyg309_T",
  "installation_date": "2017\/11\/30",
  "status": "A",
  "note": null,
  "direction_1": "North",
  "direction_2": "South",
  "latitude": -37.79808191,
  "longitude": 144.96721014,
  "location": "(-37.79808191, 144.96721014)"
 },
 {
  "sensor_id": 52,
  "sensor_description": "Elizabeth St-Lonsdale St (South)",
  "sensor_name": "Eli263_T",
  "installation_date": "2017\/07\/31",
  "status": "A",
  "note": null,
  "direction_1": "West",
  "direction_2": "East",
  "latitude": -37.81252157,
  "longitude": 144.9619401,
  "location": "(-37.81252157, 144.9619401)"
 },
 {
  "sensor_id": 2,
  "sensor_description": "Bourke Street Mall (South)",
  "sensor_name": "Bou283_T",
  "installation_date": "2009\/03\/30",
  "status": "A",
  "note": null,
  "direction_1": "East",
  "direction_2": "West",
  "latitude": -37.81380667,
  "longitude": 144.96516719,
  "location": "(-37.81380667, 144.96516719)"
 },
 {
  "sensor_id": 1,
  "sensor_description": "Bourke Street Mall (North)",
  "sensor_name": "Bou292_T",
  "installation_date": "2009\/03\/24",
  "status": "A",
  "note": null,
  "direction_1": "West",
  "direction_2": "East",
  "latitude": -37.8134944,
  "longitude": 144.96515324,
  "location": "(-37.8134944, 144.96515324)"
 },
 {
  "sensor_id": 59,
  "sensor_description": "Building 80 RMIT",
  "sensor_name": "RMIT_T",
  "installation_date": "2019\/02\/13",
  "status": "A",
  "note": null,
  "direction_1": "North",
  "direction_2": "South",
  "latitude": -37.80825648,
  "longitude": 144.96304859,
  "location": "(-37.80825648, 144.96304859)"
 },
 {
  "sensor_id": 20,
  "sensor_description": "Chinatown-Lt Bourke St (South)",
  "sensor_name": "LtB170_T",
  "installation_date": "2013\/09\/06",
  "status": "A",
  "note": null,
  "direction_1": "East",
  "direction_2": "West",
  "latitude": -37.81172913,
  "longitude": 144.9682466,
  "location": "(-37.81172913, 144.9682466)"
 },
 {
  "sensor_id": 34,
  "sensor_description": "Flinders St-Spark La",
  "sensor_name": "Fli32_T",
  "installation_date": "2014\/06\/08",
  "status": "A",
  "note": null,
  "direction_1": "East",
  "direction_2": "West",
  "latitude": -37.81537985,
  "longitude": 144.9741505,
  "location": "(-37.81537985, 144.9741505)"
 },
 {
  "sensor_id": 57,
  "sensor_description": "Bourke St Bridge",
  "sensor_name": "BouBri_T",
  "installation_date": "2018\/08\/13",
  "status": "A",
  "note": null,
  "direction_1": "West",
  "direction_2": "East",
  "latitude": -37.8176735,
  "longitude": 144.95025595,
  "location": "(-37.8176735, 144.95025595)"
 },
 {
  "sensor_id": 40,
  "sensor_description": "Lonsdale St-Spring St (West)",
  "sensor_name": "Spr201_T",
  "installation_date": "2015\/01\/19",
  "status": "A",
  "note": null,
  "direction_1": "South",
  "direction_2": "North",
  "latitude": -37.80999341,
  "longitude": 144.97227588,
  "location": "(-37.80999341, 144.97227588)"
 },
 {
  "sensor_id": 31,
  "sensor_description": "Lygon St (West)",
  "sensor_name": "Lyg161_T",
  "installation_date": "2013\/10\/10",
  "status": "A",
  "note": null,
  "direction_1": "South",
  "direction_2": "North",
  "latitude": -37.8016968,
  "longitude": 144.96658911,
  "location": "(-37.8016968, 144.96658911)"
 },
 {
  "sensor_id": 19,
  "sensor_description": "Chinatown-Swanston St (North)",
  "sensor_name": "LtB210_T",
  "installation_date": "2013\/09\/02",
  "status": "A",
  "note": null,
  "direction_1": "East",
  "direction_2": "West",
  "latitude": -37.81237202,
  "longitude": 144.96550671,
  "location": "(-37.81237202, 144.96550671)"
 },
 {
  "sensor_id": 37,
  "sensor_description": "Lygon St (East)",
  "sensor_name": "Lyg260_T",
  "installation_date": "2015\/02\/11",
  "status": "A",
  "note": null,
  "direction_1": "North",
  "direction_2": "South",
  "latitude": -37.80310271,
  "longitude": 144.96671452,
  "location": "(-37.80310271, 144.96671452)"
 },
 {
  "sensor_id": 36,
  "sensor_description": "Queen St (West)",
  "sensor_name": "Que85_T",
  "installation_date": "2015\/01\/20",
  "status": "A",
  "note": null,
  "direction_1": "South",
  "direction_2": "North",
  "latitude": -37.81652527,
  "longitude": 144.96121063,
  "location": "(-37.81652527, 144.96121063)"
 },
 {
  "sensor_id": 58,
  "sensor_description": "Bourke St - Spencer St (North)",
  "sensor_name": "Bou688_T",
  "installation_date": "2018\/09\/27",
  "status": "A",
  "note": null,
  "direction_1": "West",
  "direction_2": "East",
  "latitude": -37.81686074,
  "longitude": 144.95358075,
  "location": "(-37.81686074, 144.95358075)"
 },
 {
  "sensor_id": 8,
  "sensor_description": "Webb Bridge",
  "sensor_name": "WebBN_T",
  "installation_date": "2009\/03\/24",
  "status": "A",
  "note": null,
  "direction_1": "North",
  "direction_2": "South",
  "latitude": -37.82293543,
  "longitude": 144.94717511,
  "location": "(-37.82293543, 144.94717511)"
 },
 {
  "sensor_id": 11,
  "sensor_description": "Waterfront City",
  "sensor_name": "WatCit_T",
  "installation_date": "2009\/01\/20",
  "status": "A",
  "note": null,
  "direction_1": "East",
  "direction_2": "West",
  "latitude": -37.81564989,
  "longitude": 144.93970695,
  "location": "(-37.81564989, 144.93970695)"
 },
 {
  "sensor_id": 18,
  "sensor_description": "Collins Place (North)",
  "sensor_name": "Col12_T",
  "installation_date": "2009\/03\/30",
  "status": "A",
  "note": null,
  "direction_1": "East",
  "direction_2": "West",
  "latitude": -37.81344861,
  "longitude": 144.97305354,
  "location": "(-37.81344861, 144.97305354)"
 },
 {
  "sensor_id": 49,
  "sensor_description": "QVM-Therry St (South)",
  "sensor_name": "Eli501_T",
  "installation_date": "2017\/11\/29",
  "status": "A",
  "note": null,
  "direction_1": "West",
  "direction_2": "East",
  "latitude": -37.80730067,
  "longitude": 144.95956055,
  "location": "(-37.80730067, 144.95956055)"
 },
 {
  "sensor_id": 26,
  "sensor_description": "QV Market-Elizabeth St (West)",
  "sensor_name": "Eli483_T",
  "installation_date": "2013\/09\/28",
  "status": "A",
  "note": null,
  "direction_1": "South",
  "direction_2": "North",
  "latitude": -37.80869542,
  "longitude": 144.96049404,
  "location": "(-37.80869542, 144.96049404)"
 },
 {
  "sensor_id": 16,
  "sensor_description": "Australia on Collins",
  "sensor_name": "Col270_T",
  "installation_date": "2009\/03\/30",
  "status": "R",
  "note": "Device moved to location ID 53 (22\/09\/2015)",
  "direction_1": null,
  "direction_2": null,
  "latitude": -37.81573423,
  "longitude": 144.96521044,
  "location": "(-37.81573423, 144.96521044)"
 },
 {
  "sensor_id": 22,
  "sensor_description": "Flinders St-Elizabeth St (East)",
  "sensor_name": "Eli274_T",
  "installation_date": "2013\/08\/12",
  "status": "A",
  "note": null,
  "direction_1": "South",
  "direction_2": "North",
  "latitude": -37.81786445,
  "longitude": 144.96506823,
  "location": "(-37.81786445, 144.96506823)"
 },
 {
  "sensor_id": 24,
  "sensor_description": "Spencer St-Collins St (North)",
  "sensor_name": "Col620_T",
  "installation_date": "2013\/09\/02",
  "status": "A",
  "note": null,
  "direction_1": "East",
  "direction_2": "West",
  "latitude": -37.81887962,
  "longitude": 144.95449198,
  "location": "(-37.81887962, 144.95449198)"
 },
 {
  "sensor_id": 27,
  "sensor_description": "QV Market-Peel St",
  "sensor_name": "Vic_T",
  "installation_date": "2013\/08\/16",
  "status": "A",
  "note": null,
  "direction_1": "East",
  "direction_2": "West",
  "latitude": -37.80606888,
  "longitude": 144.95644693,
  "location": "(-37.80606888, 144.95644693)"
 },
 {
  "sensor_id": 28,
  "sensor_description": "The Arts Centre",
  "sensor_name": "VAC_T",
  "installation_date": "2013\/08\/23",
  "status": "A",
  "note": null,
  "direction_1": "South",
  "direction_2": "North",
  "latitude": -37.82129924,
  "longitude": 144.96879309,
  "location": "(-37.82129924, 144.96879309)"
 },
 {
  "sensor_id": 44,
  "sensor_description": "Tin Alley-Swanston St (West)",
  "sensor_name": "UM3_T",
  "installation_date": "2015\/04\/15",
  "status": "A",
  "note": null,
  "direction_1": "South",
  "direction_2": "North",
  "latitude": -37.79690473,
  "longitude": 144.96440378,
  "location": "(-37.79690473, 144.96440378)"
 },
 {
  "sensor_id": 48,
  "sensor_description": "QVM-Queen St (East)",
  "sensor_name": "QVMQ_T",
  "installation_date": "2017\/10\/02",
  "status": "A",
  "note": null,
  "direction_1": "East",
  "direction_2": "West",
  "latitude": -37.80631581,
  "longitude": 144.95866698,
  "location": "(-37.80631581, 144.95866698)"
 },
 {
  "sensor_id": 51,
  "sensor_description": "QVM-Franklin St (North)",
  "sensor_name": "Fra118_T",
  "installation_date": "2017\/11\/30",
  "status": "A",
  "note": null,
  "direction_1": "West",
  "direction_2": "East",
  "latitude": -37.80841814,
  "longitude": 144.95906317,
  "location": "(-37.80841814, 144.95906317)"
 },
 {
  "sensor_id": 10,
  "sensor_description": "Victoria Point",
  "sensor_name": "BouHbr_T",
  "installation_date": "2009\/04\/23",
  "status": "A",
  "note": null,
  "direction_1": "West",
  "direction_2": "East",
  "latitude": -37.81876473,
  "longitude": 144.94710545,
  "location": "(-37.81876473, 144.94710545)"
 },
 {
  "sensor_id": 43,
  "sensor_description": "Monash Rd-Swanston St (West)",
  "sensor_name": "UM2_T",
  "installation_date": "2015\/04\/15",
  "status": "A",
  "note": null,
  "direction_1": "South",
  "direction_2": "North",
  "latitude": -37.79844525,
  "longitude": 144.96411782,
  "location": "(-37.79844525, 144.96411782)"
 },
 {
  "sensor_id": 73,
  "sensor_description": "Bourke St - Spencer St (South)",
  "sensor_name": "Bou655_T",
  "installation_date": "2020\/10\/02",
  "status": "A",
  "note": null,
  "direction_1": "West",
  "direction_2": "East",
  "latitude": -37.81695684,
  "longitude": 144.95415373,
  "location": "(-37.81695684, 144.95415373)"
 },
 {
  "sensor_id": 75,
  "sensor_description": "Spring St- Flinders st (West)",
  "sensor_name": "SprFli_T",
  "installation_date": "2020\/12\/18",
  "status": "A",
  "note": null,
  "direction_1": "North",
  "direction_2": "South",
  "latitude": -37.81515275,
  "longitude": 144.97467662,
  "location": "(-37.81515275, 144.97467662)"
 },
 {
  "sensor_id": 23,
  "sensor_description": "Spencer St-Collins St (South)",
  "sensor_name": "Col623_T",
  "installation_date": "2013\/09\/02",
  "status": "A",
  "note": null,
  "direction_1": "East",
  "direction_2": "West",
  "latitude": -37.81909256,
  "longitude": 144.95452749,
  "location": "(-37.81909256, 144.95452749)"
 },
 {
  "sensor_id": 54,
  "sensor_description": "Lincoln-Swanston (West)",
  "sensor_name": "Swa607_T",
  "installation_date": "2018\/06\/26",
  "status": "A",
  "note": null,
  "direction_1": "South",
  "direction_2": "North",
  "latitude": -37.804024,
  "longitude": 144.963084,
  "location": "(-37.804024, 144.963084)"
 },
 {
  "sensor_id": 76,
  "sensor_description": "Macaulay Rd- Bellair St",
  "sensor_name": "KenMac_T",
  "installation_date": "2021\/02\/20",
  "status": "A",
  "note": null,
  "direction_1": "West",
  "direction_2": "East",
  "latitude": -37.79453802,
  "longitude": 144.93036194,
  "location": "(-37.79453802, 144.93036194)"
 },
 {
  "sensor_id": 21,
  "sensor_description": "Bourke St-Russell St (West)",
  "sensor_name": "Rus180_T",
  "installation_date": "2013\/09\/02",
  "status": "A",
  "note": null,
  "direction_1": "South",
  "direction_2": "North",
  "latitude": -37.81244703,
  "longitude": 144.96778757,
  "location": "(-37.81244703, 144.96778757)"
 },
 {
  "sensor_id": 78,
  "sensor_description": "Harbour Esplanade (West) - Bike Path",
  "sensor_name": "HarEsB_T",
  "installation_date": "2021\/03\/30",
  "status": "A",
  "note": null,
  "direction_1": "North",
  "direction_2": "South",
  "latitude": -37.81471642,
  "longitude": 144.9446508,
  "location": "(-37.81471642, 144.9446508)"
 },
 {
  "sensor_id": 77,
  "sensor_description": "Harbour Esplanade (West) - Pedestrian path",
  "sensor_name": "HarEsP_T",
  "installation_date": "2021\/03\/25",
  "status": "A",
  "note": null,
  "direction_1": "North",
  "direction_2": "South",
  "latitude": -37.81441438,
  "longitude": 144.94433026,
  "location": "(-37.81441438, 144.94433026)"
 },
 {
  "sensor_id": 35,
  "sensor_description": "Southbank",
  "sensor_name": "SouthB_T",
  "installation_date": "2021\/04\/15",
  "status": "A",
  "note": "River side",
  "direction_1": "East",
  "direction_2": "West",
  "latitude": -37.82017828,
  "longitude": 144.96508877,
  "location": "(-37.82017828, 144.96508877)"
 },
 {
  "sensor_id": 6,
  "sensor_description": "Flinders Street Station Underpass",
  "sensor_name": "FliS_T",
  "installation_date": "2009\/03\/25",
  "status": "A",
  "note": "Upgraded on 8\/09\/21",
  "direction_1": "North",
  "direction_2": "South",
  "latitude": -37.81911704,
  "longitude": 144.96558256,
  "location": "(-37.81911704, 144.96558256)"
 },
 {
  "sensor_id": 79,
  "sensor_description": "Flinders St (South)",
  "sensor_name": "FliSS_T",
  "installation_date": "2021\/09\/10",
  "status": "A",
  "note": null,
  "direction_1": "West",
  "direction_2": "East",
  "latitude": -37.81794046,
  "longitude": 144.96616678,
  "location": "(-37.81794046, 144.96616678)"
 }
]